{"Dados": [
{"Tipo":1,"id":"30098",
            "catname":"APLICATIVOS-E-MOBILIDADE",
            "catparentid":"30083",
            "catdesc":"",
            "catviews":"0",
            "catsort":"10",
            "catpagetitle":"APLICATIVOS-E-MOBILIDADE 34992917687 3499999999  Uberlândia Belho Horizonte ",
            "catmetakeywords":"APLICATIVOS-E-MOBILIDADE APLICATIVOS-E-MOBILIDADE Uberlândia APLICATIVOS-E-MOBILIDADE Belho Horizonte ",
            "catmetadesc":"",
            "catlayoutfile":"category.html",
            "catparentlist":"30083,30098",
            "catimagefile":"",
            "catvisible":"1",
            "catsearchkeywords":"APLICATIVOS-E-MOBILIDADE APLICATIVOS-E-MOBILIDADE Uberlândia APLICATIVOS-E-MOBILIDADE Belho Horizonte ",
            "cat_enable_optimizer":"0",
            "catnsetleft":"132",
            "catnsetright":"133",
            "cataltcategoriescache":"",
            "catidgoogle":"",
            "cat_enable_google":"0"},
{"Tipo":2,"id":"30321","Nome":"APLICATIVOS E MOBILIDADE PPA PPA HELP","produrl":"aplicativos-e-mobilidade-ppa-ppa-help","prodtype":"1","prodcode":"6100030321","prodfile":"","prodsearchkeywords":"APLICATIVOS E MOBILIDADE PPA PPA HELP, APLICATIVOS E MOBILIDADE PPA PPA HELP boco,","prodavailability":"","prodprice":"1000000.0000","prodcostprice":"0.0000","prodretailprice":"0.0000","prodsaleprice":"0.0000","prodcalculatedprice":"1000000.0000","prodsortorder":"0","prodvisible":"1","prodfeatured":"0","prodvendorfeatured":"0","prodrelatedproducts":"-1","prodcurrentinv":"0","prodlowinv":"0","prodoptionsrequired":"1","prodwarranty":"","prodweight":"0.0000","prodwidth":"0.0000","prodheight":"0.0000","proddepth":"0.0000","prodfixedshippingcost":"0.0000","prodfreeshipping":"0","prodinvtrack":"0","prodratingtotal":"0","prodnumratings":"0","prodnumsold":"0","proddateadded":"1603834593","prodbrandid":"0","prodnumviews":"94","prodpagetitle":"APLICATIVOS E MOBILIDADE PPA PPA HELP 34992917687  boco ","prodmetakeywords":"APLICATIVOS E MOBILIDADE PPA PPA HELP, APLICATIVOS E MOBILIDADE PPA PPA HELP boco,","prodmetadesc":"","prodlayoutfile":"product.html","prodvariationid":"0","prodallowpurchases":"0","prodhideprice":"1","prodcallforpricinglabel":"COTAR PREÇO","prodcatids":"30098","prodlastmodified":"1603834593","prodvendorid":"0","prodhastags":"1","prodwrapoptions":"0","prodconfigfields":"","prodeventdaterequired":"0","prodeventdatefieldname":"Data de entrega","prodeventdatelimited":"0","prodeventdatelimitedtype":"0","prodeventdatelimitedstartdate":"0","prodeventdatelimitedenddate":"0","prodmyobasset":"","prodmyobincome":"","prodmyobexpense":"","prodpeachtreegl":"","prodcondition":"New","prodshowcondition":"0","product_enable_optimizer":"0","prodpreorder":"0","prodreleasedate":"0","prodreleasedateremove":"0","prodpreordermessage":"","prodminqty":"0","prodmaxqty":"0","tax_class_id":"0","opengraph_type":"product","opengraph_title":"","opengraph_use_product_name":"1","opengraph_description":"","opengraph_use_meta_description":"","opengraph_use_image":"1","upc":"","disable_google_checkout":"0","last_import":"0","video01":"","video02":"","video03":"","imagens":[{"image":{"imagefile":"s\/314\/18c8210e.png","imageprodhash":"","imageisthumb":null,"imagesort":"1","imagefiletiny":"v\/827\/63abd594_tiny.png","imagefilethumb":"t\/939\/be365cfd_thumb.png","imagefilestd":"l\/945\/381d73c4_std.png","imagefilezoom":"a\/248\/daee29a3_zoom.png","imagefilezoomsize":"400x400","imagedesc":"","imagedateadded":"1603834535","imagefiletinysize":"98x98","imagefilethumbsize":"270x270","imagefilestdsize":"400x400","bitimagefile":"1","bitimagefiletiny":"1","bitimagefilethumb":"1","bitimagefilestd":"1","bitimagefilezoom":"1","error":null}},{"image":{"imagefile":"l\/297\/794c0045.png","imageprodhash":"","imageisthumb":null,"imagesort":"0","imagefiletiny":"o\/450\/4b83403f_tiny.png","imagefilethumb":"x\/892\/e817200d_thumb.png","imagefilestd":"f\/352\/4c610d0e_std.png","imagefilezoom":"p\/213\/6a96ab38_zoom.png","imagefilezoomsize":"400x400","imagedesc":"","imagedateadded":"1603833329","imagefiletinysize":"98x98","imagefilethumbsize":"270x270","imagefilestdsize":"400x400","bitimagefile":"1","bitimagefiletiny":"1","bitimagefilethumb":"1","bitimagefilestd":"1","bitimagefilezoom":"1","error":null}}]},
{"Tipo":2,"id":"30322","Nome":"APLICATIVOS E MOBILIDADE PPA PROG APP","produrl":"aplicativos-e-mobilidade-ppa-prog-app","prodtype":"1","prodcode":"6100030322","prodfile":"","prodsearchkeywords":"APLICATIVOS E MOBILIDADE PPA PROG APP, APLICATIVOS E MOBILIDADE PPA PROG APP boco,","prodavailability":"","prodprice":"1000000.0000","prodcostprice":"0.0000","prodretailprice":"0.0000","prodsaleprice":"0.0000","prodcalculatedprice":"1000000.0000","prodsortorder":"0","prodvisible":"1","prodfeatured":"0","prodvendorfeatured":"0","prodrelatedproducts":"-1","prodcurrentinv":"0","prodlowinv":"0","prodoptionsrequired":"1","prodwarranty":"","prodweight":"0.0000","prodwidth":"0.0000","prodheight":"0.0000","proddepth":"0.0000","prodfixedshippingcost":"0.0000","prodfreeshipping":"0","prodinvtrack":"0","prodratingtotal":"0","prodnumratings":"0","prodnumsold":"0","proddateadded":"1603834763","prodbrandid":"0","prodnumviews":"62","prodpagetitle":"APLICATIVOS E MOBILIDADE PPA PROG APP 34992917687  boco ","prodmetakeywords":"APLICATIVOS E MOBILIDADE PPA PROG APP, APLICATIVOS E MOBILIDADE PPA PROG APP boco,","prodmetadesc":"","prodlayoutfile":"product.html","prodvariationid":"0","prodallowpurchases":"0","prodhideprice":"1","prodcallforpricinglabel":"COTAR PREÇO","prodcatids":"30098","prodlastmodified":"1603834763","prodvendorid":"0","prodhastags":"1","prodwrapoptions":"0","prodconfigfields":"","prodeventdaterequired":"0","prodeventdatefieldname":"Data de entrega","prodeventdatelimited":"0","prodeventdatelimitedtype":"0","prodeventdatelimitedstartdate":"0","prodeventdatelimitedenddate":"0","prodmyobasset":"","prodmyobincome":"","prodmyobexpense":"","prodpeachtreegl":"","prodcondition":"New","prodshowcondition":"0","product_enable_optimizer":"0","prodpreorder":"0","prodreleasedate":"0","prodreleasedateremove":"0","prodpreordermessage":"","prodminqty":"0","prodmaxqty":"0","tax_class_id":"0","opengraph_type":"product","opengraph_title":"","opengraph_use_product_name":"1","opengraph_description":"","opengraph_use_meta_description":"","opengraph_use_image":"1","upc":"","disable_google_checkout":"0","last_import":"0","video01":"","video02":"","video03":"","imagens":[{"image":{"imagefile":"u\/823\/2ed80af9.png","imageprodhash":"","imageisthumb":null,"imagesort":"0","imagefiletiny":"u\/295\/dc3332b8_tiny.png","imagefilethumb":"m\/201\/492079ec_thumb.png","imagefilestd":"y\/149\/6fb73373_std.png","imagefilezoom":"p\/743\/0be7681e_zoom.png","imagefilezoomsize":"400x400","imagedesc":"","imagedateadded":"1603834719","imagefiletinysize":"98x98","imagefilethumbsize":"270x270","imagefilestdsize":"400x400","bitimagefile":"1","bitimagefiletiny":"1","bitimagefilethumb":"1","bitimagefilestd":"1","bitimagefilezoom":"1","error":null}}]},
{"Tipo":2,"id":"30323","Nome":"APLICATIVOS E MOBILIDADE PPA PPA BLUE","produrl":"aplicativos-e-mobilidade-ppa-ppa-blue","prodtype":"1","prodcode":"6100030323","prodfile":"","prodsearchkeywords":"APLICATIVOS E MOBILIDADE PPA PPA BLUE, APLICATIVOS E MOBILIDADE PPA PPA BLUE boco,","prodavailability":"","prodprice":"1000000.0000","prodcostprice":"0.0000","prodretailprice":"0.0000","prodsaleprice":"0.0000","prodcalculatedprice":"1000000.0000","prodsortorder":"0","prodvisible":"1","prodfeatured":"0","prodvendorfeatured":"0","prodrelatedproducts":"-1","prodcurrentinv":"0","prodlowinv":"0","prodoptionsrequired":"1","prodwarranty":"","prodweight":"0.0000","prodwidth":"0.0000","prodheight":"0.0000","proddepth":"0.0000","prodfixedshippingcost":"0.0000","prodfreeshipping":"0","prodinvtrack":"0","prodratingtotal":"0","prodnumratings":"0","prodnumsold":"0","proddateadded":"1603834928","prodbrandid":"0","prodnumviews":"72","prodpagetitle":"APLICATIVOS E MOBILIDADE PPA PPA BLUE 34992917687  boco ","prodmetakeywords":"APLICATIVOS E MOBILIDADE PPA PPA BLUE, APLICATIVOS E MOBILIDADE PPA PPA BLUE boco,","prodmetadesc":"","prodlayoutfile":"product.html","prodvariationid":"0","prodallowpurchases":"0","prodhideprice":"1","prodcallforpricinglabel":"COTAR PREÇO","prodcatids":"30098","prodlastmodified":"1603834928","prodvendorid":"0","prodhastags":"1","prodwrapoptions":"0","prodconfigfields":"","prodeventdaterequired":"0","prodeventdatefieldname":"Data de entrega","prodeventdatelimited":"0","prodeventdatelimitedtype":"0","prodeventdatelimitedstartdate":"0","prodeventdatelimitedenddate":"0","prodmyobasset":"","prodmyobincome":"","prodmyobexpense":"","prodpeachtreegl":"","prodcondition":"New","prodshowcondition":"0","product_enable_optimizer":"0","prodpreorder":"0","prodreleasedate":"0","prodreleasedateremove":"0","prodpreordermessage":"","prodminqty":"0","prodmaxqty":"0","tax_class_id":"0","opengraph_type":"product","opengraph_title":"","opengraph_use_product_name":"1","opengraph_description":"","opengraph_use_meta_description":"","opengraph_use_image":"1","upc":"","disable_google_checkout":"0","last_import":"0","video01":"","video02":"","video03":"","imagens":[{"image":{"imagefile":"c\/034\/5ed5057a.png","imageprodhash":"","imageisthumb":null,"imagesort":"0","imagefiletiny":"n\/926\/2874802d_tiny.png","imagefilethumb":"y\/830\/1400218b_thumb.png","imagefilestd":"o\/905\/a267f00e_std.png","imagefilezoom":"h\/469\/058bc48e_zoom.png","imagefilezoomsize":"400x400","imagedesc":"","imagedateadded":"1603834880","imagefiletinysize":"98x98","imagefilethumbsize":"270x270","imagefilestdsize":"400x400","bitimagefile":"1","bitimagefiletiny":"1","bitimagefilethumb":"1","bitimagefilestd":"1","bitimagefilezoom":"1","error":null}}]},
{"Tipo":2,"id":"30324","Nome":"APLICATIVOS E MOBILIDADE PPA PPA SPIRIT","produrl":"aplicativos-e-mobilidade-ppa-ppa-spirit","prodtype":"1","prodcode":"6100030324","prodfile":"","prodsearchkeywords":"APLICATIVOS E MOBILIDADE PPA PPA SPIRIT, APLICATIVOS E MOBILIDADE PPA PPA SPIRIT boco,","prodavailability":"","prodprice":"1000000.0000","prodcostprice":"0.0000","prodretailprice":"0.0000","prodsaleprice":"0.0000","prodcalculatedprice":"1000000.0000","prodsortorder":"0","prodvisible":"1","prodfeatured":"0","prodvendorfeatured":"0","prodrelatedproducts":"-1","prodcurrentinv":"0","prodlowinv":"0","prodoptionsrequired":"1","prodwarranty":"","prodweight":"0.0000","prodwidth":"0.0000","prodheight":"0.0000","proddepth":"0.0000","prodfixedshippingcost":"0.0000","prodfreeshipping":"0","prodinvtrack":"0","prodratingtotal":"0","prodnumratings":"0","prodnumsold":"0","proddateadded":"1603835100","prodbrandid":"0","prodnumviews":"94","prodpagetitle":"APLICATIVOS E MOBILIDADE PPA PPA SPIRIT 34992917687  boco ","prodmetakeywords":"APLICATIVOS E MOBILIDADE PPA PPA SPIRIT, APLICATIVOS E MOBILIDADE PPA PPA SPIRIT boco,","prodmetadesc":"","prodlayoutfile":"product.html","prodvariationid":"0","prodallowpurchases":"0","prodhideprice":"1","prodcallforpricinglabel":"COTAR PREÇO","prodcatids":"30098","prodlastmodified":"1603835100","prodvendorid":"0","prodhastags":"1","prodwrapoptions":"0","prodconfigfields":"","prodeventdaterequired":"0","prodeventdatefieldname":"Data de entrega","prodeventdatelimited":"0","prodeventdatelimitedtype":"0","prodeventdatelimitedstartdate":"0","prodeventdatelimitedenddate":"0","prodmyobasset":"","prodmyobincome":"","prodmyobexpense":"","prodpeachtreegl":"","prodcondition":"New","prodshowcondition":"0","product_enable_optimizer":"0","prodpreorder":"0","prodreleasedate":"0","prodreleasedateremove":"0","prodpreordermessage":"","prodminqty":"0","prodmaxqty":"0","tax_class_id":"0","opengraph_type":"product","opengraph_title":"","opengraph_use_product_name":"1","opengraph_description":"","opengraph_use_meta_description":"","opengraph_use_image":"1","upc":"","disable_google_checkout":"0","last_import":"0","video01":"","video02":"","video03":"","imagens":[{"image":{"imagefile":"k\/113\/a2315202.png","imageprodhash":"","imageisthumb":null,"imagesort":"0","imagefiletiny":"t\/118\/bcada8e0_tiny.png","imagefilethumb":"t\/029\/d66e160f_thumb.png","imagefilestd":"v\/219\/fd6d1dd6_std.png","imagefilezoom":"u\/963\/fe0bc499_zoom.png","imagefilezoomsize":"400x400","imagedesc":"","imagedateadded":"1603835058","imagefiletinysize":"98x98","imagefilethumbsize":"270x270","imagefilestdsize":"400x400","bitimagefile":"1","bitimagefiletiny":"1","bitimagefilethumb":"1","bitimagefilestd":"1","bitimagefilezoom":"1","error":null}}]},
{"Tipo":2,"id":"30325","Nome":"APLICATIVOS E MOBILIDADE PPA PPA CAM PRO","produrl":"aplicativos-e-mobilidade-ppa-ppa-cam-pro","prodtype":"1","prodcode":"6100030325","prodfile":"","prodsearchkeywords":"APLICATIVOS E MOBILIDADE PPA PPA CAM PRO, APLICATIVOS E MOBILIDADE PPA PPA CAM PRO boco,","prodavailability":"","prodprice":"1000000.0000","prodcostprice":"0.0000","prodretailprice":"0.0000","prodsaleprice":"0.0000","prodcalculatedprice":"1000000.0000","prodsortorder":"0","prodvisible":"1","prodfeatured":"0","prodvendorfeatured":"0","prodrelatedproducts":"-1","prodcurrentinv":"0","prodlowinv":"0","prodoptionsrequired":"1","prodwarranty":"","prodweight":"0.0000","prodwidth":"0.0000","prodheight":"0.0000","proddepth":"0.0000","prodfixedshippingcost":"0.0000","prodfreeshipping":"0","prodinvtrack":"0","prodratingtotal":"0","prodnumratings":"0","prodnumsold":"0","proddateadded":"1603835291","prodbrandid":"0","prodnumviews":"152","prodpagetitle":"APLICATIVOS E MOBILIDADE PPA PPA CAM PRO 34992917687  boco ","prodmetakeywords":"APLICATIVOS E MOBILIDADE PPA PPA CAM PRO, APLICATIVOS E MOBILIDADE PPA PPA CAM PRO boco,","prodmetadesc":"","prodlayoutfile":"product.html","prodvariationid":"0","prodallowpurchases":"0","prodhideprice":"1","prodcallforpricinglabel":"COTAR PREÇO","prodcatids":"30098","prodlastmodified":"1603835291","prodvendorid":"0","prodhastags":"1","prodwrapoptions":"0","prodconfigfields":"","prodeventdaterequired":"0","prodeventdatefieldname":"Data de entrega","prodeventdatelimited":"0","prodeventdatelimitedtype":"0","prodeventdatelimitedstartdate":"0","prodeventdatelimitedenddate":"0","prodmyobasset":"","prodmyobincome":"","prodmyobexpense":"","prodpeachtreegl":"","prodcondition":"New","prodshowcondition":"0","product_enable_optimizer":"0","prodpreorder":"0","prodreleasedate":"0","prodreleasedateremove":"0","prodpreordermessage":"","prodminqty":"0","prodmaxqty":"0","tax_class_id":"0","opengraph_type":"product","opengraph_title":"","opengraph_use_product_name":"1","opengraph_description":"","opengraph_use_meta_description":"","opengraph_use_image":"1","upc":"","disable_google_checkout":"0","last_import":"0","video01":"","video02":"","video03":"","imagens":[{"image":{"imagefile":"z\/394\/93d1057a.png","imageprodhash":"","imageisthumb":null,"imagesort":"0","imagefiletiny":"e\/907\/badcf3cf_tiny.png","imagefilethumb":"p\/676\/dafade9d_thumb.png","imagefilestd":"d\/171\/a10be13c_std.png","imagefilezoom":"d\/763\/f0e505e0_zoom.png","imagefilezoomsize":"400x400","imagedesc":"","imagedateadded":"1603835239","imagefiletinysize":"98x98","imagefilethumbsize":"270x270","imagefilestdsize":"400x400","bitimagefile":"1","bitimagefiletiny":"1","bitimagefilethumb":"1","bitimagefilestd":"1","bitimagefilezoom":"1","error":null}}]},

{}]}